{
  "document": "Python OOP Concepts",
  "evaluation_date": "2025-12-14T00:21:26.648192",
  "test_questions": 8,
  "metrics": {
    "retrieval_precision": 0.625,
    "retrieval_accuracy": 0.5596362352371216,
    "contextual_accuracy": 0.09812408685684204,
    "contextual_precision": 0.10994705557823181
  },
  "overall_score": 0.34817684441804886,
  "rating": "\u274c Fair - Requires Optimization"
}